Instance,cbo_sum,wmc_sum,dit_sum,rfc_sum,lcom_sum,totalMethods_sum,staticMethods_sum,publicMethods_sum,privateMethods_sum,protectedMethods_sum,defaultMethods_sum,abstractMethods_sum,finalMethods_sum,synchronizedMethods_sum,totalFields_sum,staticFields_sum,publicFields_sum,privateFields_sum,protectedFields_sum,defaultFields_sum,finalFields_sum,synchronizedFields_sum,nosi_sum,loc_sum,returnQty_sum,loopQty_sum,comparisonsQty_sum,tryCatchQty_sum,parenthesizedExpsQty_sum,stringLiteralsQty_sum,numbersQty_sum,assignmentsQty_sum,mathOperationsQty_sum,variablesQty_sum,maxNestedBlocks_sum,anonymousClassesQty_sum,subClassesQty_sum,lambdasQty_sum,uniqueWordsQty_sum,modifiers_sum,cbo_max,wmc_max,dit_max,rfc_max,lcom_max,totalMethods_max,staticMethods_max,publicMethods_max,privateMethods_max,protectedMethods_max,defaultMethods_max,abstractMethods_max,finalMethods_max,synchronizedMethods_max,totalFields_max,staticFields_max,publicFields_max,privateFields_max,protectedFields_max,defaultFields_max,finalFields_max,synchronizedFields_max,nosi_max,loc_max,returnQty_max,loopQty_max,comparisonsQty_max,tryCatchQty_max,parenthesizedExpsQty_max,stringLiteralsQty_max,numbersQty_max,assignmentsQty_max,mathOperationsQty_max,variablesQty_max,maxNestedBlocks_max,anonymousClassesQty_max,subClassesQty_max,lambdasQty_max,uniqueWordsQty_max,modifiers_max,cbo_std,wmc_std,dit_std,rfc_std,lcom_std,totalMethods_std,staticMethods_std,publicMethods_std,privateMethods_std,protectedMethods_std,defaultMethods_std,abstractMethods_std,finalMethods_std,synchronizedMethods_std,totalFields_std,staticFields_std,publicFields_std,privateFields_std,protectedFields_std,defaultFields_std,finalFields_std,synchronizedFields_std,nosi_std,loc_std,returnQty_std,loopQty_std,comparisonsQty_std,tryCatchQty_std,parenthesizedExpsQty_std,stringLiteralsQty_std,numbersQty_std,assignmentsQty_std,mathOperationsQty_std,variablesQty_std,maxNestedBlocks_std,anonymousClassesQty_std,subClassesQty_std,lambdasQty_std,uniqueWordsQty_std,modifiers_std,cbo_mean,wmc_mean,dit_mean,rfc_mean,lcom_mean,totalMethods_mean,staticMethods_mean,publicMethods_mean,privateMethods_mean,protectedMethods_mean,defaultMethods_mean,abstractMethods_mean,finalMethods_mean,synchronizedMethods_mean,totalFields_mean,staticFields_mean,publicFields_mean,privateFields_mean,protectedFields_mean,defaultFields_mean,finalFields_mean,synchronizedFields_mean,nosi_mean,loc_mean,returnQty_mean,loopQty_mean,comparisonsQty_mean,tryCatchQty_mean,parenthesizedExpsQty_mean,stringLiteralsQty_mean,numbersQty_mean,assignmentsQty_mean,mathOperationsQty_mean,variablesQty_mean,maxNestedBlocks_mean,anonymousClassesQty_mean,subClassesQty_mean,lambdasQty_mean,uniqueWordsQty_mean,modifiers_mean,Label
ReactiveX-RxJava,22033,21123,3916,30019,485145,16074,880,14927,281,437,0,26,1232,2,2301,285,79,236,54,0,1542,0,28695,281167,3605,1554,792,1621,387,12531,36499,24192,1674,23312,1307,8517,1125,0,98675,61936,352,570,26,348,125751,502,125,497,17,4,0,4,372,1,29,26,6,6,10,0,13,0,1154,4273,520,53,27,100,16,672,629,421,166,418,10,209,37,0,1972,1025,22033,21123,3916,30019,485145,16074,880,14927,281,437,0,26,1232,2,2301,285,79,236,54,0,1542,0,28695,281167,3605,1554,792,1621,387,12531,36499,24192,1674,23312,1307,8517,1125,0,98675,61936,352,570,26,348,125751,502,125,497,17,4,0,4,372,1,29,26,6,6,10,0,13,0,1154,4273,520,53,27,100,16,672,629,421,166,418,10,209,37,0,1972,1025,bunch
Twitter4J-Twitter4J,2631,6701,552,4822,62696,4088,245,2571,174,241,0,21,77,31,908,281,67,720,43,0,353,0,1643,31368,2238,256,417,379,412,4830,2681,3839,1383,2619,372,193,11,0,25107,15078,76,277,5,178,20237,202,19,190,15,53,0,12,71,9,71,54,53,66,11,0,54,0,86,2511,208,22,29,17,48,756,141,151,170,82,8,153,2,0,407,1025,2631,6701,552,4822,62696,4088,245,2571,174,241,0,21,77,31,908,281,67,720,43,0,353,0,1643,31368,2238,256,417,379,412,4830,2681,3839,1383,2619,372,193,11,0,25107,15078,76,277,5,178,20237,202,19,190,15,53,0,12,71,9,71,54,53,66,11,0,54,0,86,2511,208,22,29,17,48,756,141,151,170,82,8,153,2,0,407,1025,bunch
ZieIony-Carbon,935,1604,196,1735,5868,821,27,645,60,93,0,0,0,14,369,56,14,265,1,0,74,0,215,7788,299,49,233,21,132,90,739,1114,483,848,86,71,1,0,4346,2150,35,89,4,88,595,39,13,33,4,7,0,0,0,2,37,20,3,37,1,0,23,0,20,322,23,7,21,7,12,18,67,100,48,56,4,10,1,0,122,1025,935,1604,196,1735,5868,821,27,645,60,93,0,0,0,14,369,56,14,265,1,0,74,0,215,7788,299,49,233,21,132,90,739,1114,483,848,86,71,1,0,4346,2150,35,89,4,88,595,39,13,33,4,7,0,0,0,2,37,20,3,37,1,0,23,0,20,322,23,7,21,7,12,18,67,100,48,56,4,10,1,0,122,1025,bunch
activiti-activiti,19585,27526,4627,30119,279319,16383,553,12049,415,1531,2,143,2,19,5517,1477,569,1886,2620,0,1653,0,2797,161521,7480,1721,1769,851,1052,22383,12749,22536,2066,17646,1708,146,109,340,93840,95516,299,618,8,243,83844,413,25,410,11,32,1,51,1,3,254,254,254,30,168,0,254,0,79,2725,343,55,117,49,68,1161,940,400,291,266,9,23,16,74,799,1025,19585,27526,4627,30119,279319,16383,553,12049,415,1531,2,143,2,19,5517,1477,569,1886,2620,0,1653,0,2797,161521,7480,1721,1769,851,1052,22383,12749,22536,2066,17646,1708,146,109,340,93840,95516,299,618,8,243,83844,413,25,410,11,32,1,51,1,3,254,254,254,30,168,0,254,0,79,2725,343,55,117,49,68,1161,940,400,291,266,9,23,16,74,799,1025,bunch
airbnb-lottie-android,1621,2246,230,2025,3786,1146,118,833,161,10,0,3,5,6,560,54,41,476,3,0,404,0,549,12200,703,178,241,18,162,861,1272,1922,601,1442,151,50,7,0,7305,7344,50,130,3,115,1550,83,21,74,15,4,0,1,3,6,24,9,9,21,1,0,21,0,52,624,61,13,30,6,21,243,149,102,56,73,4,13,2,0,531,1025,1621,2246,230,2025,3786,1146,118,833,161,10,0,3,5,6,560,54,41,476,3,0,404,0,549,12200,703,178,241,18,162,861,1272,1922,601,1442,151,50,7,0,7305,7344,50,130,3,115,1550,83,21,74,15,4,0,1,3,6,24,9,9,21,1,0,21,0,52,624,61,13,30,6,21,243,149,102,56,73,4,13,2,0,531,1025,bunch
alibaba-fastjson,10668,19951,5201,17315,185921,10216,489,9463,258,307,0,21,190,0,9425,546,7021,1962,121,0,555,0,8373,159310,4479,1375,3329,955,2032,15025,13257,25711,4024,25656,1048,476,2245,0,80482,15152,58,1282,12,254,19700,200,77,200,27,13,0,14,41,0,6664,32,6664,100,18,0,27,0,207,6667,332,107,536,32,340,753,720,1584,769,6664,11,11,30,0,6666,1025,10668,19951,5201,17315,185921,10216,489,9463,258,307,0,21,190,0,9425,546,7021,1962,121,0,555,0,8373,159310,4479,1375,3329,955,2032,15025,13257,25711,4024,25656,1048,476,2245,0,80482,15152,58,1282,12,254,19700,200,77,200,27,13,0,14,41,0,6664,32,6664,100,18,0,27,0,207,6667,332,107,536,32,340,753,720,1584,769,6664,11,11,30,0,6666,1025,bunch
alibaba-jetcache,1842,2109,438,2885,5570,1383,104,1031,137,122,20,12,11,11,461,73,21,351,60,0,63,0,630,15727,863,79,211,73,90,1482,1032,2071,244,1576,163,16,104,230,8039,14591,41,77,6,110,2212,69,9,68,15,9,15,7,9,2,30,7,6,13,29,0,6,0,54,799,46,11,17,7,11,168,86,111,36,93,5,2,25,36,227,1025,1842,2109,438,2885,5570,1383,104,1031,137,122,20,12,11,11,461,73,21,351,60,0,63,0,630,15727,863,79,211,73,90,1482,1032,2071,244,1576,163,16,104,230,8039,14591,41,77,6,110,2212,69,9,68,15,9,15,7,9,2,30,7,6,13,29,0,6,0,54,799,46,11,17,7,11,168,86,111,36,93,5,2,25,36,227,1025,bunch
apache-cassandra,25267,45505,4742,50195,242489,22335,4346,17001,3238,833,55,356,125,169,7863,3295,2240,4409,492,0,5768,0,39419,406693,14737,5201,4258,2266,3138,46629,56194,41184,9571,33241,2215,986,2172,1002,191725,204618,187,977,228,782,31306,294,294,286,69,63,10,18,8,16,183,68,180,71,17,0,70,0,1085,45543,434,128,77,58,219,1720,5270,615,338,364,7,51,593,69,1144,1025,25267,45505,4742,50195,242489,22335,4346,17001,3238,833,55,356,125,169,7863,3295,2240,4409,492,0,5768,0,39419,406693,14737,5201,4258,2266,3138,46629,56194,41184,9571,33241,2215,986,2172,1002,191725,204618,187,977,228,782,31306,294,294,286,69,63,10,18,8,16,183,68,180,71,17,0,70,0,1085,45543,434,128,77,58,219,1720,5270,615,338,364,7,51,593,69,1144,1025,bunch
apache-isis,24432,24366,7708,24616,98396,16480,1847,11194,2214,1643,0,168,120,32,5131,1630,618,3978,168,0,2997,0,6188,166213,10099,908,2003,516,455,9333,3891,16970,1549,16157,1149,1001,1136,0,128817,356225,191,333,61,280,15904,181,36,131,51,35,0,26,6,7,38,38,38,28,17,0,38,0,153,1338,233,19,30,11,13,195,156,205,71,186,5,24,65,0,648,1025,24432,24366,7708,24616,98396,16480,1847,11194,2214,1643,0,168,120,32,5131,1630,618,3978,168,0,2997,0,6188,166213,10099,908,2003,516,455,9333,3891,16970,1549,16157,1149,1001,1136,0,128817,356225,191,333,61,280,15904,181,36,131,51,35,0,26,6,7,38,38,38,28,17,0,38,0,153,1338,233,19,30,11,13,195,156,205,71,186,5,24,65,0,648,1025,agglomerative
apache-jmeter,6979,17803,2836,20838,69650,9377,739,7091,1403,442,0,35,89,153,5289,2888,607,4404,194,0,3389,0,5638,103089,4763,1051,1241,859,1063,14282,7351,18203,2858,14183,1408,142,109,0,77680,64302,84,258,14,213,6476,116,67,102,30,32,0,7,25,13,70,70,65,67,19,0,70,0,128,1168,75,24,38,21,38,520,277,320,67,230,7,9,5,0,628,1025,6979,17803,2836,20838,69650,9377,739,7091,1403,442,0,35,89,153,5289,2888,607,4404,194,0,3389,0,5638,103089,4763,1051,1241,859,1063,14282,7351,18203,2858,14183,1408,142,109,0,77680,64302,84,258,14,213,6476,116,67,102,30,32,0,7,25,13,70,70,65,67,19,0,70,0,128,1168,75,24,38,21,38,520,277,320,67,230,7,9,5,0,628,1025,bunch
apache-log4j,1650,4451,605,4240,14177,2321,350,1755,92,274,0,12,26,45,1210,570,173,321,192,0,392,0,1449,25294,1212,306,485,225,256,3490,1743,4226,1179,3319,395,64,63,0,25392,10583,30,171,11,210,4840,104,12,48,13,82,0,4,6,11,33,30,20,17,28,0,30,0,59,1127,65,23,26,10,14,105,108,186,45,155,8,32,8,0,442,1025,1650,4451,605,4240,14177,2321,350,1755,92,274,0,12,26,45,1210,570,173,321,192,0,392,0,1449,25294,1212,306,485,225,256,3490,1743,4226,1179,3319,395,64,63,0,25392,10583,30,171,11,210,4840,104,12,48,13,82,0,4,6,11,33,30,20,17,28,0,30,0,59,1127,65,23,26,10,14,105,108,186,45,155,8,32,8,0,442,1025,bunch
apache-maven,6094,11950,1524,12186,89882,6697,310,4480,695,553,0,11,11,7,1776,248,137,1398,55,0,550,0,1611,78321,3504,752,954,397,526,8440,2107,8922,1324,7185,677,47,90,0,45799,28843,82,641,6,401,20910,205,18,165,30,204,0,2,3,2,50,33,33,50,12,0,33,0,88,2600,118,38,114,18,92,1212,206,271,75,253,10,4,7,0,423,1025,6094,11950,1524,12186,89882,6697,310,4480,695,553,0,11,11,7,1776,248,137,1398,55,0,550,0,1611,78321,3504,752,954,397,526,8440,2107,8922,1324,7185,677,47,90,0,45799,28843,82,641,6,401,20910,205,18,165,30,204,0,2,3,2,50,33,33,50,12,0,33,0,88,2600,118,38,114,18,92,1212,206,271,75,253,10,4,7,0,423,1025,bunch
apache-spark,9604,23513,1909,19485,94327,11080,1234,9280,871,207,27,157,109,66,3579,1608,412,2837,115,0,2442,0,5655,164882,8750,1065,2272,818,1312,10879,12418,17838,3001,13413,891,117,1348,406,76917,50602,92,265,108,230,3876,91,27,91,25,15,4,39,32,7,35,22,16,31,33,0,35,0,692,14414,138,43,61,25,28,679,847,362,156,345,7,21,281,49,493,1025,9604,23513,1909,19485,94327,11080,1234,9280,871,207,27,157,109,66,3579,1608,412,2837,115,0,2442,0,5655,164882,8750,1065,2272,818,1312,10879,12418,17838,3001,13413,891,117,1348,406,76917,50602,92,265,108,230,3876,91,27,91,25,15,4,39,32,7,35,22,16,31,33,0,35,0,692,14414,138,43,61,25,28,679,847,362,156,345,7,21,281,49,493,1025,bunch
apache-storm,13675,27066,3097,23667,117111,13332,1528,10868,1235,390,0,98,34,75,6074,2429,968,4222,204,0,3305,0,5068,206141,9264,1831,2158,1035,1396,13948,9834,22247,2838,17605,1413,368,1468,0,99956,81111,188,550,228,370,12135,159,149,146,29,13,0,12,13,7,309,309,308,62,18,0,309,0,134,38494,218,48,47,43,48,570,613,392,57,333,7,45,593,0,1178,1025,13675,27066,3097,23667,117111,13332,1528,10868,1235,390,0,98,34,75,6074,2429,968,4222,204,0,3305,0,5068,206141,9264,1831,2158,1035,1396,13948,9834,22247,2838,17605,1413,368,1468,0,99956,81111,188,550,228,370,12135,159,149,146,29,13,0,12,13,7,309,309,308,62,18,0,309,0,134,38494,218,48,47,43,48,570,613,392,57,333,7,45,593,0,1178,1025,bunch
apache-tika,8015,16911,1884,16943,40242,7065,845,5113,1249,469,0,45,19,44,4189,1880,544,2833,85,0,2332,0,7056,113590,3840,1554,1633,1467,1064,22711,8288,18788,3127,14959,1522,165,288,4,82138,44129,63,323,79,167,3641,87,49,85,30,38,0,7,6,7,112,71,48,109,7,0,79,0,293,1395,63,43,53,30,131,1564,194,302,124,293,8,15,33,2,668,1025,8015,16911,1884,16943,40242,7065,845,5113,1249,469,0,45,19,44,4189,1880,544,2833,85,0,2332,0,7056,113590,3840,1554,1633,1467,1064,22711,8288,18788,3127,14959,1522,165,288,4,82138,44129,63,323,79,167,3641,87,49,85,30,38,0,7,6,7,112,71,48,109,7,0,79,0,293,1395,63,43,53,30,131,1564,194,302,124,293,8,15,33,2,668,1025,bunch
apache-tomcat,12866,58758,5118,43159,484779,25970,1863,21001,1916,1908,38,300,664,368,10049,4245,1762,6006,1838,0,5666,0,12356,325213,15526,3454,6543,3342,3776,36436,23168,47073,7513,33539,3003,281,1232,57,206168,167250,68,1013,69,495,50792,325,54,303,112,40,4,19,53,46,153,153,153,133,98,0,153,0,317,4331,313,124,119,192,235,952,1680,638,103,418,8,16,39,13,1054,1025,12866,58758,5118,43159,484779,25970,1863,21001,1916,1908,38,300,664,368,10049,4245,1762,6006,1838,0,5666,0,12356,325213,15526,3454,6543,3342,3776,36436,23168,47073,7513,33539,3003,281,1232,57,206168,167250,68,1013,69,495,50792,325,54,303,112,40,4,19,53,46,153,153,153,133,98,0,153,0,317,4331,313,124,119,192,235,952,1680,638,103,418,8,16,39,13,1054,1025,bunch
auth0-java-jwt,416,993,103,920,4941,822,52,693,30,2,0,2,0,0,139,58,18,109,0,0,92,0,1294,7824,162,16,36,16,20,1736,550,1865,120,1731,14,5,3,0,4402,3203,21,88,5,56,933,75,25,74,8,1,0,2,0,0,15,14,1,14,0,0,14,0,297,938,29,3,8,4,9,252,161,362,33,304,2,1,1,0,505,1025,416,993,103,920,4941,822,52,693,30,2,0,2,0,0,139,58,18,109,0,0,92,0,1294,7824,162,16,36,16,20,1736,550,1865,120,1731,14,5,3,0,4402,3203,21,88,5,56,933,75,25,74,8,1,0,2,0,0,15,14,1,14,0,0,14,0,297,938,29,3,8,4,9,252,161,362,33,304,2,1,1,0,505,1025,bunch
btraceio-btrace,1904,4739,468,3263,70075,2129,843,1478,336,118,0,39,47,76,659,283,123,483,24,0,289,0,1458,28332,1265,254,468,149,190,3337,1352,2985,607,2122,228,138,81,2,15252,21248,52,456,9,315,40180,284,283,277,43,12,0,18,18,38,59,59,59,48,4,0,59,0,306,2001,224,20,65,33,16,1245,145,201,65,167,7,23,18,2,1069,1025,1904,4739,468,3263,70075,2129,843,1478,336,118,0,39,47,76,659,283,123,483,24,0,289,0,1458,28332,1265,254,468,149,190,3337,1352,2985,607,2122,228,138,81,2,15252,21248,52,456,9,315,40180,284,283,277,43,12,0,18,18,38,59,59,59,48,4,0,59,0,306,2001,224,20,65,33,16,1245,145,201,65,167,7,23,18,2,1069,1025,bunch
bumptech-glide,6518,7707,848,8432,19929,5158,479,3891,729,85,0,22,67,140,2116,572,120,1835,43,0,1161,0,2677,65814,2146,410,576,206,323,3548,5161,7336,1331,6204,431,310,326,0,42355,27602,119,146,20,138,2726,90,26,82,19,5,0,4,30,18,47,27,8,47,36,0,27,0,240,931,116,19,40,9,75,489,506,211,111,130,5,13,6,0,520,1025,6518,7707,848,8432,19929,5158,479,3891,729,85,0,22,67,140,2116,572,120,1835,43,0,1161,0,2677,65814,2146,410,576,206,323,3548,5161,7336,1331,6204,431,310,326,0,42355,27602,119,146,20,138,2726,90,26,82,19,5,0,4,30,18,47,27,8,47,36,0,27,0,240,931,116,19,40,9,75,489,506,211,111,130,5,13,6,0,520,1025,bunch
bytedeco-javacpp,595,4810,205,1825,11727,1492,183,1297,13,18,0,157,8,2,243,44,10,8,49,0,56,0,611,15333,1087,644,525,101,335,3984,2872,3851,2405,2117,141,19,7,0,6865,13383,56,1117,10,170,980,49,36,41,2,3,0,14,1,1,24,7,1,3,4,0,6,0,122,3314,63,137,180,30,122,1991,550,1211,437,434,7,2,5,0,592,1025,595,4810,205,1825,11727,1492,183,1297,13,18,0,157,8,2,243,44,10,8,49,0,56,0,611,15333,1087,644,525,101,335,3984,2872,3851,2405,2117,141,19,7,0,6865,13383,56,1117,10,170,980,49,36,41,2,3,0,14,1,1,24,7,1,3,4,0,6,0,122,3314,63,137,180,30,122,1991,550,1211,437,434,7,2,5,0,592,1025,bunch
cglib-cglib,1190,2411,435,2424,14327,1454,285,1109,154,103,0,44,4,2,533,338,79,420,16,0,344,0,824,15184,767,179,239,89,187,909,837,1993,257,1734,119,145,141,0,9987,31959,74,204,15,155,5149,107,41,98,27,11,0,6,1,1,49,49,37,49,3,0,49,0,87,1269,92,14,33,15,23,158,74,184,41,174,7,35,41,0,540,1025,1190,2411,435,2424,14327,1454,285,1109,154,103,0,44,4,2,533,338,79,420,16,0,344,0,824,15184,767,179,239,89,187,909,837,1993,257,1734,119,145,141,0,9987,31959,74,204,15,155,5149,107,41,98,27,11,0,6,1,1,49,49,37,49,3,0,49,0,87,1269,92,14,33,15,23,158,74,184,41,174,7,35,41,0,540,1025,bunch
codecentric-spring-boot-admin,1802,1276,298,3055,2195,1026,73,740,118,144,0,6,4,0,548,144,30,515,3,0,306,0,741,12625,538,14,13,16,24,2008,310,1280,112,1200,71,14,59,377,7740,11536,37,38,5,65,295,27,18,20,11,17,0,2,2,0,16,8,8,16,2,0,11,0,44,242,29,2,3,3,5,77,20,36,12,32,4,3,13,23,131,1025,1802,1276,298,3055,2195,1026,73,740,118,144,0,6,4,0,548,144,30,515,3,0,306,0,741,12625,538,14,13,16,24,2008,310,1280,112,1200,71,14,59,377,7740,11536,37,38,5,65,295,27,18,20,11,17,0,2,2,0,16,8,8,16,2,0,11,0,44,242,29,2,3,3,5,77,20,36,12,32,4,3,13,23,131,1025,bunch
coobird-thumbnailator,303,1392,104,946,34101,989,56,960,19,10,0,6,2,0,110,30,14,82,14,0,78,0,1731,14966,151,25,111,164,22,1789,2571,2399,93,2295,53,15,6,0,5986,6437,15,293,4,108,23643,255,19,254,5,3,0,4,2,0,15,5,5,12,3,0,15,0,848,3945,16,7,36,38,6,690,1074,862,19,857,4,6,8,0,480,1025,303,1392,104,946,34101,989,56,960,19,10,0,6,2,0,110,30,14,82,14,0,78,0,1731,14966,151,25,111,164,22,1789,2571,2399,93,2295,53,15,6,0,5986,6437,15,293,4,108,23643,255,19,254,5,3,0,4,2,0,15,5,5,12,3,0,15,0,848,3945,16,7,36,38,6,690,1074,862,19,857,4,6,8,0,480,1025,bunch
crate-crate,25555,24780,5598,32875,121950,16702,1566,13119,1771,616,51,70,15,3,5709,1548,630,4795,80,0,4301,0,10534,209629,9681,1608,2168,628,1079,28626,15852,21731,3006,18951,1840,444,498,1837,127869,125861,344,312,36,180,19306,197,24,188,33,59,12,6,3,2,39,36,27,39,4,0,39,0,587,1869,264,21,24,45,48,914,709,245,110,228,7,30,13,43,507,1025,25555,24780,5598,32875,121950,16702,1566,13119,1771,616,51,70,15,3,5709,1548,630,4795,80,0,4301,0,10534,209629,9681,1608,2168,628,1079,28626,15852,21731,3006,18951,1840,444,498,1837,127869,125861,344,312,36,180,19306,197,24,188,33,59,12,6,3,2,39,36,27,39,4,0,39,0,587,1869,264,21,24,45,48,914,709,245,110,228,7,30,13,43,507,1025,agglomerative
cryptomator-cryptomator,832,910,127,1646,1341,543,39,295,162,11,5,3,0,6,392,121,15,369,4,0,267,0,359,7037,311,21,50,74,8,683,200,796,56,825,75,4,32,87,4458,1144,61,77,4,149,178,36,7,31,25,3,3,3,0,2,34,12,9,34,4,0,20,0,32,466,28,3,7,6,2,46,21,53,7,55,4,1,7,10,202,1025,832,910,127,1646,1341,543,39,295,162,11,5,3,0,6,392,121,15,369,4,0,267,0,359,7037,311,21,50,74,8,683,200,796,56,825,75,4,32,87,4458,1144,61,77,4,149,178,36,7,31,25,3,3,3,0,2,34,12,9,34,4,0,20,0,32,466,28,3,7,6,2,46,21,53,7,55,4,1,7,10,202,1025,bunch
dropwizard-dropwizard,6869,5217,1336,9342,15928,4215,147,3587,197,295,3,21,9,12,1601,271,86,1435,48,0,899,0,3475,48621,1601,148,148,230,120,6081,3456,4561,388,4059,365,114,268,182,36606,33717,60,89,12,120,3126,85,8,84,8,14,2,6,2,2,38,10,7,38,11,0,13,0,1183,738,45,8,7,10,7,184,1214,101,31,101,6,4,7,9,310,1025,6869,5217,1336,9342,15928,4215,147,3587,197,295,3,21,9,12,1601,271,86,1435,48,0,899,0,3475,48621,1601,148,148,230,120,6081,3456,4561,388,4059,365,114,268,182,36606,33717,60,89,12,120,3126,85,8,84,8,14,2,6,2,2,38,10,7,38,11,0,13,0,1183,738,45,8,7,10,7,184,1214,101,31,101,6,4,7,9,310,1025,bunch
dropwizard-metrics,1529,1944,318,3212,2316,1364,74,1061,158,75,0,19,5,18,730,167,44,663,2,0,595,0,723,18541,453,144,72,84,72,2536,1838,1894,307,1754,149,161,93,0,11642,13561,24,71,8,71,585,40,10,40,14,10,0,8,4,7,25,14,11,22,2,0,15,0,33,540,31,17,10,5,12,190,134,56,18,56,7,20,15,0,200,1025,1529,1944,318,3212,2316,1364,74,1061,158,75,0,19,5,18,730,167,44,663,2,0,595,0,723,18541,453,144,72,84,72,2536,1838,1894,307,1754,149,161,93,0,11642,13561,24,71,8,71,585,40,10,40,14,10,0,8,4,7,25,14,11,22,2,0,15,0,33,540,31,17,10,5,12,190,134,56,18,56,7,20,15,0,200,1025,bunch
facebook-facebook-android-sdk,4621,7355,883,8307,26829,3688,996,2275,809,248,0,20,79,65,2730,1729,744,1839,9,0,1896,0,2953,57089,2241,350,793,320,322,3939,2082,8008,640,6855,470,462,241,0,32276,19934,69,240,10,191,3069,87,79,65,36,34,0,4,32,6,118,118,101,62,7,0,118,0,119,1386,94,21,35,20,28,150,125,195,63,169,7,17,15,0,627,1025,4621,7355,883,8307,26829,3688,996,2275,809,248,0,20,79,65,2730,1729,744,1839,9,0,1896,0,2953,57089,2241,350,793,320,322,3939,2082,8008,640,6855,470,462,241,0,32276,19934,69,240,10,191,3069,87,79,65,36,34,0,4,32,6,118,118,101,62,7,0,118,0,119,1386,94,21,35,20,28,150,125,195,63,169,7,17,15,0,627,1025,bunch
google-dagger,5980,5167,1052,8691,19230,3850,608,1519,541,138,9,210,103,0,1036,198,39,775,1,0,762,0,2197,72949,1921,181,57,76,54,24499,862,4186,290,4188,115,121,655,367,35543,105132,73,108,13,167,1769,62,32,52,16,19,6,18,18,0,61,33,18,22,1,0,33,0,112,6914,69,11,4,6,9,5491,54,269,19,213,5,7,102,17,333,1025,5980,5167,1052,8691,19230,3850,608,1519,541,138,9,210,103,0,1036,198,39,775,1,0,762,0,2197,72949,1921,181,57,76,54,24499,862,4186,290,4188,115,121,655,367,35543,105132,73,108,13,167,1769,62,32,52,16,19,6,18,18,0,61,33,18,22,1,0,33,0,112,6914,69,11,4,6,9,5491,54,269,19,213,5,7,102,17,333,1025,agglomerative
google-error-prone,11966,10918,2307,13747,47374,6808,1012,5371,713,126,0,263,93,2,1499,751,151,1131,14,0,1101,0,6065,103705,4212,565,804,376,614,22978,1646,6110,880,5310,736,478,905,224,62799,137469,223,269,15,252,10011,142,108,107,19,5,0,6,67,1,54,33,19,54,3,0,54,0,341,1447,140,53,27,51,52,1051,46,107,39,107,11,61,51,11,471,1025,11966,10918,2307,13747,47374,6808,1012,5371,713,126,0,263,93,2,1499,751,151,1131,14,0,1101,0,6065,103705,4212,565,804,376,614,22978,1646,6110,880,5310,736,478,905,224,62799,137469,223,269,15,252,10011,142,108,107,19,5,0,6,67,1,54,33,19,54,3,0,54,0,341,1447,140,53,27,51,52,1051,46,107,39,107,11,61,51,11,471,1025,bunch
grpc-grpc-java,11031,15619,1683,18509,84143,9888,2234,7130,1059,407,0,140,424,43,4283,1739,509,3341,34,0,2685,0,6220,185923,5877,668,1406,572,1316,7666,10678,16791,2571,13122,813,990,1033,0,82307,78030,113,162,19,311,5460,105,35,105,21,29,0,12,24,7,75,75,35,56,8,0,74,0,312,7453,71,17,36,20,90,289,546,394,120,344,6,28,39,0,580,1025,11031,15619,1683,18509,84143,9888,2234,7130,1059,407,0,140,424,43,4283,1739,509,3341,34,0,2685,0,6220,185923,5877,668,1406,572,1316,7666,10678,16791,2571,13122,813,990,1033,0,82307,78030,113,162,19,311,5460,105,35,105,21,29,0,12,24,7,75,75,35,56,8,0,74,0,312,7453,71,17,36,20,90,289,546,394,120,344,6,28,39,0,580,1025,bunch
hazelcast-hazelcast,83706,84138,13667,94188,398829,57161,3312,41221,5754,5107,0,422,577,45,15851,4785,2796,11003,1238,0,8544,0,82672,770680,27587,7174,4839,2166,2543,39628,61784,150533,10590,140377,4179,4442,2529,1,377459,422251,437,691,51,627,13758,217,143,189,105,93,0,15,30,6,152,152,151,51,33,0,152,0,2409,6620,210,105,47,32,92,1245,5703,2464,131,2464,7,395,49,1,983,1025,83706,84138,13667,94188,398829,57161,3312,41221,5754,5107,0,422,577,45,15851,4785,2796,11003,1238,0,8544,0,82672,770680,27587,7174,4839,2166,2543,39628,61784,150533,10590,140377,4179,4442,2529,1,377459,422251,437,691,51,627,13758,217,143,189,105,93,0,15,30,6,152,152,151,51,33,0,152,0,2409,6620,210,105,47,32,92,1245,5703,2464,131,2464,7,395,49,1,983,1025,bunch
iSoron-uhabits,2943,3227,525,4448,5179,1946,113,1407,274,179,6,56,11,10,1200,201,115,898,113,0,331,0,688,23347,833,181,366,37,240,849,2292,3588,843,3018,144,28,71,53,14929,28023,35,163,4,90,243,32,23,30,16,7,5,11,7,5,62,26,12,41,41,0,22,0,46,764,35,10,50,4,34,31,135,170,60,124,4,5,5,5,362,1025,2943,3227,525,4448,5179,1946,113,1407,274,179,6,56,11,10,1200,201,115,898,113,0,331,0,688,23347,833,181,366,37,240,849,2292,3588,843,3018,144,28,71,53,14929,28023,35,163,4,90,243,32,23,30,16,7,5,11,7,5,62,26,12,41,41,0,22,0,46,764,35,10,50,4,34,31,135,170,60,124,4,5,5,5,362,1025,bunch
immutables-immutables,3534,4127,858,5275,38343,2859,327,1571,294,49,42,461,35,0,588,169,117,300,21,0,432,0,2088,35871,1350,185,174,67,93,2523,1266,1928,148,1759,-81,140,532,8,17854,138063,54,374,17,315,14446,184,27,143,32,11,2,122,6,0,51,14,24,23,12,0,24,0,112,1489,208,10,38,9,18,269,173,148,18,110,6,19,59,6,559,1025,3534,4127,858,5275,38343,2859,327,1571,294,49,42,461,35,0,588,169,117,300,21,0,432,0,2088,35871,1350,185,174,67,93,2523,1266,1928,148,1759,-81,140,532,8,17854,138063,54,374,17,315,14446,184,27,143,32,11,2,122,6,0,51,14,24,23,12,0,24,0,112,1489,208,10,38,9,18,269,173,148,18,110,6,19,59,6,559,1025,bunch
ionic-team-capacitor,405,712,101,758,2332,389,28,310,43,33,0,0,0,0,139,51,16,112,5,0,70,0,43,4327,260,33,125,42,8,503,67,603,70,539,53,43,11,0,3180,49,51,66,6,86,562,36,9,35,9,14,0,0,0,0,17,11,5,15,3,0,12,0,7,352,37,10,12,8,2,63,18,53,12,49,3,11,5,0,287,1,405,712,101,758,2332,389,28,310,43,33,0,0,0,0,139,51,16,112,5,0,70,0,43,4327,260,33,125,42,8,503,67,603,70,539,53,43,11,0,3180,49,51,66,6,86,562,36,9,35,9,14,0,0,0,0,17,11,5,15,3,0,12,0,7,352,37,10,12,8,2,63,18,53,12,49,3,11,5,0,287,1,bunch
jankotek-mapdb,1464,7613,316,4552,26301,2314,169,1911,101,214,0,45,7,44,511,162,50,67,228,0,289,0,1789,53408,1003,1879,666,1393,1630,3643,9853,12387,2293,6320,239,134,164,0,15562,10570,60,1525,12,171,4560,156,16,154,31,29,0,17,3,38,32,19,18,9,31,0,31,0,117,11297,104,629,86,544,330,604,2304,3989,295,948,12,18,15,0,595,1025,1464,7613,316,4552,26301,2314,169,1911,101,214,0,45,7,44,511,162,50,67,228,0,289,0,1789,53408,1003,1879,666,1393,1630,3643,9853,12387,2293,6320,239,134,164,0,15562,10570,60,1525,12,171,4560,156,16,154,31,29,0,17,3,38,32,19,18,9,31,0,31,0,117,11297,104,629,86,544,330,604,2304,3989,295,948,12,18,15,0,595,1025,bunch
java-native-accessjna,4358,7644,1940,6795,72086,4126,669,2527,214,267,0,12,99,16,10000,2739,2807,367,26,0,2678,0,3246,71854,1414,487,789,491,633,5248,14607,17584,2110,15690,240,266,1097,0,62200,38455,76,416,131,226,11476,152,146,88,24,36,0,3,21,4,4347,1982,1982,42,9,0,1982,0,185,4351,134,33,86,44,95,283,4337,4347,312,4347,7,46,96,0,3519,1025,4358,7644,1940,6795,72086,4126,669,2527,214,267,0,12,99,16,10000,2739,2807,367,26,0,2678,0,3246,71854,1414,487,789,491,633,5248,14607,17584,2110,15690,240,266,1097,0,62200,38455,76,416,131,226,11476,152,146,88,24,36,0,3,21,4,4347,1982,1982,42,9,0,1982,0,185,4351,134,33,86,44,95,283,4337,4347,312,4347,7,46,96,0,3519,1025,bunch
javaparser-javaparser,18266,30457,2821,25235,410848,15407,758,10556,1164,160,462,46,232,0,2301,428,465,1448,54,0,646,0,8274,142192,14041,1650,1910,242,1736,15280,8760,16191,2224,13246,1041,80,108,1523,67481,82369,156,3273,15,696,191586,620,36,151,485,7,34,10,122,0,127,109,108,22,14,0,109,0,1038,8583,1298,127,190,45,476,530,2964,1572,445,570,15,7,15,213,861,1025,18266,30457,2821,25235,410848,15407,758,10556,1164,160,462,46,232,0,2301,428,465,1448,54,0,646,0,8274,142192,14041,1650,1910,242,1736,15280,8760,16191,2224,13246,1041,80,108,1523,67481,82369,156,3273,15,696,191586,620,36,151,485,7,34,10,122,0,127,109,108,22,14,0,109,0,1038,8583,1298,127,190,45,476,530,2964,1572,445,570,15,7,15,213,861,1025,bunch
jenkinsci-jenkins,16725,19446,3954,26596,99413,10898,1302,8493,1203,744,45,294,235,210,3054,1129,975,1768,117,0,1546,0,7169,153913,6834,1547,1634,1160,759,21581,6453,17067,2736,14696,1498,630,1386,236,136640,302810,137,368,103,306,11173,150,137,147,30,17,8,13,17,10,39,31,18,30,10,0,34,0,192,2117,203,55,63,35,32,1542,262,226,61,215,10,22,61,26,1006,1025,16725,19446,3954,26596,99413,10898,1302,8493,1203,744,45,294,235,210,3054,1129,975,1768,117,0,1546,0,7169,153913,6834,1547,1634,1160,759,21581,6453,17067,2736,14696,1498,630,1386,236,136640,302810,137,368,103,306,11173,150,137,147,30,17,8,13,17,10,39,31,18,30,10,0,34,0,192,2117,203,55,63,35,32,1542,262,226,61,215,10,22,61,26,1006,1025,bunch
jhy-jsoup,409,1520,143,1257,12765,959,80,708,65,15,0,4,1,0,113,29,0,94,1,0,34,0,773,10031,552,131,106,16,53,4459,2677,1327,77,1168,50,0,59,0,5664,5205,34,167,30,93,3567,87,12,77,17,13,0,3,1,0,18,9,0,16,1,0,9,0,126,2250,86,25,15,3,10,2147,2161,154,14,149,3,0,21,0,377,1025,409,1520,143,1257,12765,959,80,708,65,15,0,4,1,0,113,29,0,94,1,0,34,0,773,10031,552,131,106,16,53,4459,2677,1327,77,1168,50,0,59,0,5664,5205,34,167,30,93,3567,87,12,77,17,13,0,3,1,0,18,9,0,16,1,0,9,0,126,2250,86,25,15,3,10,2147,2161,154,14,149,3,0,21,0,377,1025,bunch
knowm-XChange,26755,27857,6511,32614,127611,21730,2337,18702,1061,388,32,4,27,10,10112,1079,1565,7782,457,0,6149,0,6562,223531,14417,853,1174,723,952,33752,5533,23913,3029,22145,985,69,211,400,124212,44609,52,323,8,158,51037,323,30,323,9,22,15,1,10,5,275,273,272,161,13,0,275,0,276,1618,162,14,21,19,59,547,100,285,33,281,5,5,8,12,355,1025,26755,27857,6511,32614,127611,21730,2337,18702,1061,388,32,4,27,10,10112,1079,1565,7782,457,0,6149,0,6562,223531,14417,853,1174,723,952,33752,5533,23913,3029,22145,985,69,211,400,124212,44609,52,323,8,158,51037,323,30,323,9,22,15,1,10,5,275,273,272,161,13,0,275,0,276,1618,162,14,21,19,59,547,100,285,33,281,5,5,8,12,355,1025,agglomerative
lettuce-io-lettuce-core,9279,12823,1495,13026,258836,9951,740,5635,563,351,36,17,16,1,1791,461,196,1416,108,0,971,0,6043,70288,4552,491,479,247,231,5999,5091,7106,726,6453,382,103,261,1105,58080,40732,159,464,11,428,86338,420,20,412,21,16,4,3,5,1,30,18,18,24,11,0,24,0,672,2363,415,22,53,9,35,503,665,299,238,296,5,9,13,362,483,1025,9279,12823,1495,13026,258836,9951,740,5635,563,351,36,17,16,1,1791,461,196,1416,108,0,971,0,6043,70288,4552,491,479,247,231,5999,5091,7106,726,6453,382,103,261,1105,58080,40732,159,464,11,428,86338,420,20,412,21,16,4,3,5,1,30,18,18,24,11,0,24,0,672,2363,415,22,53,9,35,503,665,299,238,296,5,9,13,362,483,1025,bunch
mockito-mockito,5814,6239,1431,7999,30055,4607,620,3689,396,41,0,17,4,1,1056,164,71,766,17,0,417,0,5762,47029,1767,259,287,503,152,5277,3100,3821,442,3586,379,302,682,3,43665,15166,49,117,19,167,6441,114,82,113,9,5,0,6,2,1,17,10,8,17,13,0,11,0,328,824,105,20,41,23,35,445,482,282,73,138,5,12,24,1,1599,1025,5814,6239,1431,7999,30055,4607,620,3689,396,41,0,17,4,1,1056,164,71,766,17,0,417,0,5762,47029,1767,259,287,503,152,5277,3100,3821,442,3586,379,302,682,3,43665,15166,49,117,19,167,6441,114,82,113,9,5,0,6,2,1,17,10,8,17,13,0,11,0,328,824,105,20,41,23,35,445,482,282,73,138,5,12,24,1,1599,1025,bunch
mybatis-mybatis-3,4190,7488,1239,7741,24709,5334,302,4292,432,111,0,20,6,28,2556,1304,1047,1331,164,0,1352,0,1238,48458,2344,292,480,766,139,5411,2331,8054,462,7151,389,125,87,0,28134,19618,79,248,7,224,7077,122,23,118,52,12,0,4,3,11,1001,1000,1000,28,46,0,1000,0,36,1010,72,24,30,58,22,1000,143,1001,25,1001,8,59,9,0,1005,1025,4190,7488,1239,7741,24709,5334,302,4292,432,111,0,20,6,28,2556,1304,1047,1331,164,0,1352,0,1238,48458,2344,292,480,766,139,5411,2331,8054,462,7151,389,125,87,0,28134,19618,79,248,7,224,7077,122,23,118,52,12,0,4,3,11,1001,1000,1000,28,46,0,1000,0,36,1010,72,24,30,58,22,1000,143,1001,25,1001,8,59,9,0,1005,1025,bunch
naver-pinpoint,23066,40486,4480,38078,138520,21500,1338,15652,2944,518,0,190,53,29,9640,2899,884,8256,186,0,6764,0,7754,239765,15581,1741,4402,1042,2205,21627,16671,34713,5057,29713,2260,622,727,2,125573,103523,155,604,20,164,8499,154,49,150,26,9,0,43,8,7,86,67,67,74,24,0,67,0,92,2483,239,38,48,12,181,904,1573,368,273,368,7,19,21,1,717,1025,23066,40486,4480,38078,138520,21500,1338,15652,2944,518,0,190,53,29,9640,2899,884,8256,186,0,6764,0,7754,239765,15581,1741,4402,1042,2205,21627,16671,34713,5057,29713,2260,622,727,2,125573,103523,155,604,20,164,8499,154,49,150,26,9,0,43,8,7,86,67,67,74,24,0,67,0,92,2483,239,38,48,12,181,904,1573,368,273,368,7,19,21,1,717,1025,bunch
oblac-jodd,9309,23537,2567,18769,107480,12037,1678,7989,538,933,38,59,119,16,4439,1168,632,1643,1421,0,1998,0,8340,138464,8573,1749,2971,837,1626,17172,18890,22892,3473,16190,1342,210,368,393,80042,128916,87,887,27,209,19701,199,199,199,27,19,12,4,23,5,228,97,44,54,72,0,97,0,607,2536,290,98,130,54,64,1080,1732,775,246,383,7,69,34,38,560,1025,9309,23537,2567,18769,107480,12037,1678,7989,538,933,38,59,119,16,4439,1168,632,1643,1421,0,1998,0,8340,138464,8573,1749,2971,837,1626,17172,18890,22892,3473,16190,1342,210,368,393,80042,128916,87,887,27,209,19701,199,199,199,27,19,12,4,23,5,228,97,44,54,72,0,97,0,607,2536,290,98,130,54,64,1080,1732,775,246,383,7,69,34,38,560,1025,agglomerative
oracle-opengrok,4686,10258,1252,10996,59400,5057,562,3631,650,375,2,80,26,32,1933,898,276,1469,92,0,1070,0,3686,68928,2889,809,941,636,478,14959,4479,9857,1522,8008,871,104,99,253,51476,25987,67,292,10,232,17934,193,61,188,27,21,1,12,7,19,82,31,24,73,13,0,23,0,450,1329,119,35,64,25,24,614,172,264,56,196,8,9,9,50,658,1025,4686,10258,1252,10996,59400,5057,562,3631,650,375,2,80,26,32,1933,898,276,1469,92,0,1070,0,3686,68928,2889,809,941,636,478,14959,4479,9857,1522,8008,871,104,99,253,51476,25987,67,292,10,232,17934,193,61,188,27,21,1,12,7,19,82,31,24,73,13,0,23,0,450,1329,119,35,64,25,24,614,172,264,56,196,8,9,9,50,658,1025,bunch
pmd-pmd,15145,21027,5976,19915,145962,12341,780,9589,1403,517,1,103,101,3,3133,1394,405,2352,189,0,1785,0,4022,116431,8418,1526,1332,347,1067,14136,7327,14440,2450,12328,1170,216,268,66,92447,147664,274,288,11,214,25806,228,26,226,27,14,1,28,23,2,56,56,23,43,12,0,56,0,112,1283,230,28,38,22,105,573,282,165,59,157,10,15,15,33,391,1025,15145,21027,5976,19915,145962,12341,780,9589,1403,517,1,103,101,3,3133,1394,405,2352,189,0,1785,0,4022,116431,8418,1526,1332,347,1067,14136,7327,14440,2450,12328,1170,216,268,66,92447,147664,274,288,11,214,25806,228,26,226,27,14,1,28,23,2,56,56,23,43,12,0,56,0,112,1283,230,28,38,22,105,573,282,165,59,157,10,15,15,33,391,1025,bunch
pxb1988-dex2jar,1356,4287,315,2452,6318,1254,273,938,133,67,0,9,32,4,820,91,104,219,54,0,101,0,1314,21238,708,406,405,96,516,1896,2360,3439,677,2673,296,59,57,0,10096,11560,42,377,5,101,1128,48,47,47,20,11,0,4,23,2,247,16,13,25,12,0,23,0,191,1068,48,33,53,23,59,128,247,247,76,247,9,4,19,0,506,1025,1356,4287,315,2452,6318,1254,273,938,133,67,0,9,32,4,820,91,104,219,54,0,101,0,1314,21238,708,406,405,96,516,1896,2360,3439,677,2673,296,59,57,0,10096,11560,42,377,5,101,1128,48,47,47,20,11,0,4,23,2,247,16,13,25,12,0,23,0,191,1068,48,33,53,23,59,128,247,247,76,247,9,4,19,0,506,1025,bunch
quarkusio-quarkus,12856,14139,2579,19946,29650,7449,1120,4979,1033,298,91,40,14,17,3714,1254,671,2109,123,0,1950,0,4647,106755,4940,1258,1102,840,316,11143,3436,12009,1449,11089,1102,357,553,815,68091,46816,134,193,6,241,1485,55,55,53,39,16,41,8,3,3,54,53,53,34,9,0,54,0,146,1313,68,48,28,49,11,274,524,289,34,246,9,57,14,76,501,1025,12856,14139,2579,19946,29650,7449,1120,4979,1033,298,91,40,14,17,3714,1254,671,2109,123,0,1950,0,4647,106755,4940,1258,1102,840,316,11143,3436,12009,1449,11089,1102,357,553,815,68091,46816,134,193,6,241,1485,55,55,53,39,16,41,8,3,3,54,53,53,34,9,0,54,0,146,1313,68,48,28,49,11,274,524,289,34,246,9,57,14,76,501,1025,bunch
querydsl-querydsl,18007,17288,5028,20737,119903,12134,894,10312,638,692,0,53,313,1,4401,1170,1205,2744,132,0,2791,0,6344,106056,5726,1012,982,254,327,14143,7526,12229,1184,10982,664,164,944,0,61370,129061,152,247,28,489,18336,192,116,192,20,67,0,15,64,1,76,59,42,68,18,0,59,0,205,1704,118,44,38,18,15,460,382,219,76,205,13,12,13,0,379,1025,18007,17288,5028,20737,119903,12134,894,10312,638,692,0,53,313,1,4401,1170,1205,2744,132,0,2791,0,6344,106056,5726,1012,982,254,327,14143,7526,12229,1184,10982,664,164,944,0,61370,129061,152,247,28,489,18336,192,116,192,20,67,0,15,64,1,76,59,42,68,18,0,59,0,205,1704,118,44,38,18,15,460,382,219,76,205,13,12,13,0,379,1025,agglomerative
raphw-byte-buddy,13866,8002,2472,15923,49678,6923,591,6147,141,375,8,66,25,1,3021,829,427,2448,98,0,1333,0,10596,136344,1537,194,211,281,226,3839,5212,7250,864,8443,190,256,2720,6,55455,46094,200,211,205,315,17953,190,189,189,6,17,1,6,15,1,51,49,19,51,12,0,49,0,914,5170,191,19,16,29,29,149,253,286,48,286,6,22,132,6,1029,1025,13866,8002,2472,15923,49678,6923,591,6147,141,375,8,66,25,1,3021,829,427,2448,98,0,1333,0,10596,136344,1537,194,211,281,226,3839,5212,7250,864,8443,190,256,2720,6,55455,46094,200,211,205,315,17953,190,189,189,6,17,1,6,15,1,51,49,19,51,12,0,49,0,914,5170,191,19,16,29,29,149,253,286,48,286,6,22,132,6,1029,1025,bunch
redisson-redisson,11402,17648,1829,16138,224971,12993,241,8736,503,576,0,45,34,4,2313,464,85,1574,121,0,1245,0,5842,114118,6947,914,1138,377,494,16517,12828,12805,1702,11464,525,499,163,896,57669,45404,138,353,7,221,24412,225,12,209,19,23,0,6,7,2,290,55,10,62,26,0,60,0,247,2821,211,33,110,35,92,1218,814,290,99,290,6,24,24,53,396,1025,11402,17648,1829,16138,224971,12993,241,8736,503,576,0,45,34,4,2313,464,85,1574,121,0,1245,0,5842,114118,6947,914,1138,377,494,16517,12828,12805,1702,11464,525,499,163,896,57669,45404,138,353,7,221,24412,225,12,209,19,23,0,6,7,2,290,55,10,62,26,0,60,0,247,2821,211,33,110,35,92,1218,814,290,99,290,6,24,24,53,396,1025,bunch
rzwitserloot-lombok,4343,8823,917,6371,24361,2902,704,1906,587,128,6,45,23,3,1461,499,137,836,20,0,772,0,3116,44068,2981,719,1178,382,887,4933,2563,8225,740,6160,371,173,438,22,27964,30505,146,461,10,211,5245,143,101,120,40,12,2,10,4,1,70,69,59,70,7,0,70,0,234,1410,165,56,86,18,62,733,170,440,41,259,7,59,9,8,607,1025,4343,8823,917,6371,24361,2902,704,1906,587,128,6,45,23,3,1461,499,137,836,20,0,772,0,3116,44068,2981,719,1178,382,887,4933,2563,8225,740,6160,371,173,438,22,27964,30505,146,461,10,211,5245,143,101,120,40,12,2,10,4,1,70,69,59,70,7,0,70,0,234,1410,165,56,86,18,62,733,170,440,41,259,7,59,9,8,607,1025,bunch
sofastack-sofa-rpc,6664,9576,1343,12477,26466,4765,827,3931,277,320,0,112,20,31,2089,1069,598,1051,351,0,1169,0,4494,63343,3154,583,1370,731,514,6984,6971,9558,1547,7647,848,160,69,0,32995,56818,52,122,6,120,2335,70,21,70,12,21,0,14,3,3,122,122,122,26,28,0,122,0,97,609,75,18,52,23,69,146,2074,126,97,122,7,6,15,0,195,1025,6664,9576,1343,12477,26466,4765,827,3931,277,320,0,112,20,31,2089,1069,598,1051,351,0,1169,0,4494,63343,3154,583,1370,731,514,6984,6971,9558,1547,7647,848,160,69,0,32995,56818,52,122,6,120,2335,70,21,70,12,21,0,14,3,3,122,122,122,26,28,0,122,0,97,609,75,18,52,23,69,146,2074,126,97,122,7,6,15,0,195,1025,bunch
spring-projects-spring-security,14637,14402,2763,19613,21348,10033,413,8021,981,423,47,49,223,4,4166,1022,271,3184,128,0,1672,0,3400,119109,3866,473,884,563,578,15257,4964,14240,1533,12820,906,172,633,313,110898,99791,65,109,20,76,875,109,12,109,17,15,20,3,14,4,50,49,49,45,7,0,49,0,69,769,36,15,19,23,50,160,1330,152,70,130,10,9,26,15,594,1025,14637,14402,2763,19613,21348,10033,413,8021,981,423,47,49,223,4,4166,1022,271,3184,128,0,1672,0,3400,119109,3866,473,884,563,578,15257,4964,14240,1533,12820,906,172,633,313,110898,99791,65,109,20,76,875,109,12,109,17,15,20,3,14,4,50,49,49,45,7,0,49,0,69,769,36,15,19,23,50,160,1330,152,70,130,10,9,26,15,594,1025,bunch
springfox-springfox,2920,2633,446,2848,9509,2123,179,1696,293,29,0,22,0,0,854,62,22,795,9,0,379,0,497,17089,1564,82,65,10,27,1059,146,1600,28,1422,149,143,29,0,10205,10636,52,61,4,87,1824,61,12,60,18,8,0,13,0,0,26,3,7,26,2,0,18,0,19,288,34,5,8,2,6,77,10,33,3,29,5,10,7,0,341,1025,2920,2633,446,2848,9509,2123,179,1696,293,29,0,22,0,0,854,62,22,795,9,0,379,0,497,17089,1564,82,65,10,27,1059,146,1600,28,1422,149,143,29,0,10205,10636,52,61,4,87,1824,61,12,60,18,8,0,13,0,0,26,3,7,26,2,0,18,0,19,288,34,5,8,2,6,77,10,33,3,29,5,10,7,0,341,1025,bunch
swagger-api-swagger-core,3177,5495,624,4923,20848,2766,178,2372,184,115,2,6,5,0,785,189,115,573,49,0,189,0,1384,36567,2267,268,600,65,147,9076,669,3884,306,3054,236,33,213,78,15145,13823,66,489,9,381,5060,109,44,107,14,39,1,2,5,0,47,31,17,44,11,0,31,0,126,1622,175,34,88,5,14,773,50,262,26,192,7,13,21,29,293,1025,3177,5495,624,4923,20848,2766,178,2372,184,115,2,6,5,0,785,189,115,573,49,0,189,0,1384,36567,2267,268,600,65,147,9076,669,3884,306,3054,236,33,213,78,15145,13823,66,489,9,381,5060,109,44,107,14,39,1,2,5,0,47,31,17,44,11,0,31,0,126,1622,175,34,88,5,14,773,50,262,26,192,7,13,21,29,293,1025,agglomerative
testcontainers-testcontainers-java,2108,2140,508,3858,8622,1531,142,1055,162,147,55,18,2,10,729,352,170,510,20,0,384,0,646,16680,761,60,91,201,43,2616,653,2013,301,1855,178,33,34,217,16167,19850,71,124,13,197,3034,81,8,56,12,17,11,5,1,2,33,14,8,26,5,0,11,0,29,767,51,3,14,10,7,116,22,84,16,71,5,3,4,17,442,1025,2108,2140,508,3858,8622,1531,142,1055,162,147,55,18,2,10,729,352,170,510,20,0,384,0,646,16680,761,60,91,201,43,2616,653,2013,301,1855,178,33,34,217,16167,19850,71,124,13,197,3034,81,8,56,12,17,11,5,1,2,33,14,8,26,5,0,11,0,29,767,51,3,14,10,7,116,22,84,16,71,5,3,4,17,442,1025,bunch
uber-NullAway,938,1772,137,1461,11354,872,204,514,182,7,0,0,0,0,210,66,13,146,21,0,104,0,350,12979,662,125,128,30,124,1853,247,1145,179,1000,70,41,162,89,6728,2242,117,431,4,286,3913,90,43,70,60,2,0,0,0,0,28,28,2,11,21,0,28,0,53,1820,178,30,37,21,27,823,35,288,31,239,10,19,19,21,608,1025,938,1772,137,1461,11354,872,204,514,182,7,0,0,0,0,210,66,13,146,21,0,104,0,350,12979,662,125,128,30,124,1853,247,1145,179,1000,70,41,162,89,6728,2242,117,431,4,286,3913,90,43,70,60,2,0,0,0,0,28,28,2,11,21,0,28,0,53,1820,178,30,37,21,27,823,35,288,31,239,10,19,19,21,608,1025,bunch
web3j-web3j,3709,4823,1092,4466,17321,3161,434,2443,286,105,0,8,2,3,957,392,235,656,18,0,665,0,2359,32258,2066,115,210,68,400,4364,2212,3401,1245,2842,177,160,74,110,20022,20376,187,141,6,163,1891,82,23,81,28,25,0,3,2,3,21,20,19,21,6,0,21,0,94,1392,100,16,7,7,30,801,103,148,68,137,4,31,7,19,276,1025,3709,4823,1092,4466,17321,3161,434,2443,286,105,0,8,2,3,957,392,235,656,18,0,665,0,2359,32258,2066,115,210,68,400,4364,2212,3401,1245,2842,177,160,74,110,20022,20376,187,141,6,163,1891,82,23,81,28,25,0,3,2,3,21,20,19,21,6,0,21,0,94,1392,100,16,7,7,30,801,103,148,68,137,4,31,7,19,276,1025,bunch
